user_input,output,flag,username,timestamp
what about procrastination ,"Procrastination is a common challenge that many people face. Here are some strategies to help you overcome procrastination:

1. Break tasks into smaller, manageable steps: Sometimes, the sheer size or complexity of a task can be overwhelming and lead to procrastination. Break down the task into smaller, more manageable steps. Focus on completing one step at a time, which can make the task feel less daunting.

2. Set specific and achievable goals: Clearly define what you want to accomplish and set realistic deadlines for yourself. Having clear and attainable goals helps provide structure and motivation, making it easier to take action.

3. Create a schedule or to-do list: Organize your tasks and allocate specific time slots to work on them. Prioritize the most important and time-sensitive tasks first. Having a visual representation of what needs to be done and when can help you stay focused and on track.

4. Minimize distractions: Identify and eliminate or minimize potential distractions that can hinder your progress. This may include turning off notifications on your phone, using website blockers to limit access to distracting websites, or finding a quiet workspace where you can concentrate.

5. Use time management techniques: Try different time management techniques, such as the Pomodoro Technique, where you work for a set period (e.g., 25 minutes) with no distractions, followed by a short break. This can help increase your productivity and focus.

6. Manage your mindset: Understand the reasons behind your procrastination. Recognize any underlying fears, self-doubt, or perfectionism that may be holding you back. Challenge negative thoughts and replace them with more positive and encouraging ones. Practice self-compassion and remind yourself that progress is more important than perfection.

7. Seek accountability and support: Share your goals and progress with someone you trust, such as a friend, family member, or colleague. This can provide support, encouragement, and accountability, which can help keep you motivated and on track.

8. Reward yourself: Create a system of rewards for completing tasks or reaching milestones. Treat yourself to something you enjoy once you've accomplished your goals. Having incentives can provide an extra motivational boost.

Remember, overcoming procrastination is a process, and it may require experimentation to find what techniques work best for you. Be patient with yourself, and don't get discouraged if you experience setbacks. Keep experimenting and adjusting your approach until you find a strategy that helps you overcome procrastination.",,,2024-02-05 15:26:22.753290
